sku,product_name,category,unit_price
SKU-001,Golden Penny Semovita 1kg,Packaged Foods,1450
SKU-002,Dangote Sugar 1kg,Packaged Foods,950
SKU-003,Indomie Chicken Noodles (Carton),Packaged Foods,8200
SKU-004,Milo Refill 400g,Beverages,2600
SKU-005,Peak Milk Tin 400g,Beverages,1300
SKU-006,Coca-Cola PET 50cl (Pack of 12),Beverages,4800
SKU-007,Bigi Cola 50cl (Pack of 12),Beverages,3900
SKU-008,Nasco Corn Flakes 500g,Packaged Foods,2100
SKU-009,Kings Vegetable Oil 5L,Packaged Foods,11500
SKU-010,Devon King's Vegetable Oil 3L,Packaged Foods,7200
SKU-011,Omo Detergent 900g,Household,2450
SKU-012,Sunlight Dishwashing Liquid 900ml,Household,1550
SKU-013,Dettol Antiseptic 500ml,Household,1900
SKU-014,Ariel Detergent 900g,Household,2700
SKU-015,Close-Up Toothpaste 140g,Personal Care,850
SKU-016,Dudu-Osun Black Soap (Pack of 6),Personal Care,1200
SKU-017,Always Ultra Pads (Pack of 8),Personal Care,1350
SKU-018,Nivea Body Lotion 400ml,Personal Care,2950
SKU-019,Cowbell Milk Powder 400g,Beverages,2050
SKU-020,Lipton Yellow Label Tea (100 bags),Beverages,2300
SKU-021,Honeywell Semolina 1kg,Packaged Foods,1400
SKU-022,Mama Gold Rice 5kg,Packaged Foods,6500
SKU-023,Power Oil Vegetable Oil 4.5L,Packaged Foods,10800
SKU-024,Hypo Bleach 750ml,Household,900
SKU-025,Maggi Cubes (Pack of 50),Packaged Foods,1800
