date,warehouse_region,sku_code,product_name,category,qty_sold,unit_price,closing_stock
2026-05-26,asaba,SKU-008,Nasco Corn Flakes 500g,Packaged Foods,23.0,2129.08,126.0
2026-05-26,asaba,SKU-007,Bigi Cola 50cl (Pack of 12),Beverages,22.0,3961.34,219.0
2026-05-26,Asaba,SKU-001,Golden Penny Semovita 1kg,Packaged Foods,26.0,1515.06,
2026-05-26,ASABA,SKU-024,Hypo Bleach 750ml,Household,18.0,892.62,7.0
2026-05-26,ASABA,SKU-012,Sunlight Dishwashing Liquid 900ml,Household,13.0,1580.86,249.0
2026-05-26,ASABA,SKU-009,Kings Vegetable Oil 5L,Packaged Foods,14.0,11378.12,363.0
2026-05-26,Asaba ,SKU-020,Lipton Yellow Label Tea (100 bags),Beverages,17.0,2265.78,292.0
2026-05-26,Asaba,SKU-019,Cowbell Milk Powder 400g,Beverages,19.0,2123.75,16.0
2026-05-26,asaba,SKU-015, CLOSE-UP TOOTHPASTE 140G ,Personal Care,15.0,856.26,130.0
2026-05-26,Asaba,SKU-005,Peak Milk Tin 400g,Beverages,19.0,1280.61,7.0
2026-05-26,Asaba ,SKU-013,Dettol Antiseptic 500ml,Household,12.0,1943.97,105.0
2026-05-26,Asaba ,SKU-003,Indomie Chicken Noodles (Carton),Packaged Foods,13.0,8524.74,227.0
2026-05-26,asaba,SKU-021,Honeywell Semolina 1kg,Packaged Foods,13.0,1385.76,94.0
2026-05-26,ASABA,SKU-011,Omo Detergent 900g,Household,23.0,2402.91,
2026-05-26,asaba,SKU-015, CLOSE-UP TOOTHPASTE 140G ,Personal Care,15.0,856.26,130.0
2026-05-26,ASABA,SKU-016,Dudu-Osun Black Soap (Pack of 6),Personal Care,19.0,1232.16,118.0
2026-05-26,Asaba,SKU-004,Milo Refill 400g,Beverages,15.0,2653.36,
2026-05-26,ASABA,SKU-006,Coca-Cola PET 50cl (Pack of 12),Beverages,19.0,4929.56,342.0
2026-05-26,Asaba ,SKU-002,Dangote Sugar 1kg,Packaged Foods,20.0,993.97,376.0
2026-05-26,Asaba ,SKU-014,Ariel Detergent 900g,Household,17.0,2674.09,128.0
2026-05-26,asaba,SKU-010,Devon King's Vegetable Oil 3L,Packaged Foods,16.0,7502.71,
2026-05-26,Asaba,SKU-022,Mama Gold Rice 5kg,Packaged Foods,,6423.83,364.0
2026-05-26,ASABA,SKU-017,Always Ultra Pads (Pack of 8),Personal Care,16.0,1333.28,135.0
2026-05-26,Asaba,SKU-025, MAGGI CUBES (PACK OF 50) ,Packaged Foods,15.0,1845.71,238.0
